id,label
21994204,B
81419419,A
38890352,A
23278879,A
97335620,B
43633059,A
94775501,B
31376564,B
24825206,B
98602328,B
52095871,B
26343465,B
27425248,B
57050172,B
63955260,A
99464775,A
43736234,B
77895013,A
91690582,A
73609870,A
91519694,B
64203062,A
47909276,A
75192763,B
93541042,A
18526329,A
43922780,B
19501571,A
55266030,A
89166408,A
67177353,A
18999255,B
25037249,B
81958754,A
41107078,A
48370489,B
25313294,A
16627585,A
83151858,A
86636704,A
23368913,B
87649289,B
30392736,A
35600873,B
24723059,B
19854360,A
90552929,B
46167759,A
43782463,B
58266070,A
71885209,A
46633337,B
32191003,A
68179579,A
55090542,B
93063777,B
44354991,A
20260359,A
94531425,A
47838635,A
41757100,B
50640711,A
81849961,B
61480146,B
34326836,A
38411627,B
33010575,A
12831695,B
50235257,B
54992887,B
22808354,A
49151932,B
99226092,A
13407330,B
56328230,A
58743474,B
80415054,B
34307046,A
34359380,B
14999283,B
35915571,B
30609867,B
97838065,A
89318035,B
79486820,A
78860824,B
60903301,B
45853899,A
44512620,B
32960246,B
86514492,B
68221504,B
98429632,B
86033816,A
56217289,B
70211394,B
37464769,B
26188773,B
22513846,B
59356251,A
78082600,A
24214554,B
93411759,B
74820429,B
43610327,B
41004765,B
45692914,B
28323847,A
11332217,B
91733540,B
69308167,A
66863060,B
78091699,A
24540974,B
43133291,A
30081075,A
65574597,A
83663519,B
15152554,A
69157245,B
31840397,B
24082604,B
90000598,B
53173396,A
95495150,B
12334744,B
98465065,B
58795278,B
57254874,B
53786300,B
70053248,A
21931358,B
68667483,B
84918277,A
41630030,B
34878992,A
57780966,B
11972843,A
40614845,B
50305236,B
48781993,B
34240852,A
24821751,A
19034003,A
96296861,A
78019441,B
81414446,A
88631720,B
43542709,A
47845706,A
92350968,B
11220976,B
93699483,B
47421836,A
80290762,A
54225253,A
55616300,A
34573804,B
22809167,B
42390721,A
57004029,A
91718619,A
45848378,B
56509034,B
65631748,A
49555653,A
98022481,B
60664402,B
91469119,B
82724937,B
64396705,B
11258788,A
73521708,A
26670015,B
69218759,B
49832655,A
31546535,A
82259132,B
47162568,B
68301473,B
17685722,A
70131069,A
74936197,B
67157958,A
77247059,B
21670533,B
66553079,B
91824548,A
21251566,A
55296232,A
93590450,B
14792742,A
31129314,B
80921161,B
11717639,B
85228682,B
32934669,B
69121475,B
43090815,B
25611311,B
93482928,A
33112445,A
44997366,A
15536431,A
81369724,B
87056950,B
17458451,A
55323388,B
26539641,B
17596121,B
70106900,B
69364684,B
83997564,B
86556078,A
24949819,B
96525857,A
12235257,A
35703344,B
70404723,B
47593092,A
37377273,A
33143257,A
70968420,B
88918220,A
37666239,B
13858489,A
44219110,B
15228477,B
92752865,B
45069787,B
34046472,B
90026070,A
61627371,A
64329920,B
58612161,B
79234412,B
18919959,B
20757556,A
46452257,B
46912106,A
91009557,A
84689464,B
38046938,A
55481953,B
27135330,A
42027427,A
22199683,B
57745358,B
28455397,B
25069607,B
17818446,B
48090632,A
88113638,B
42154867,A
38756734,B
16499431,B
67315683,B
81681582,A
87516674,A
74666523,B
72173369,A
65524997,A
61631720,B
11549363,A
33254377,A
13511165,A
54548857,B
73644020,B
63605641,A
82892309,B
36233639,B
46615965,B
15485074,A
86093778,A
39501153,A
78882170,B
58584942,B
81109410,A
87747657,B
49633798,A
98568208,B
57190146,B
91272201,B
63014474,B
85018532,A
42612786,B
87693614,A
98033709,B
96087440,B
83134406,B
98648688,A
95218162,A
80467732,A
91241830,B
51888391,B
18763332,B
57448738,B
94393752,B
17742238,A
84932134,A
79770316,B
76077875,A
99184781,A
59567702,B
59331326,A
28952131,A
43955313,B
55806064,A
74596320,B
16462193,B
14832765,A
21398995,A
43991262,A
47387924,B
88762506,B
25408176,B
98838617,B
80992784,B
31324793,B
75782026,A
55603115,B
30520134,A
35660888,A
52604232,A
15388610,A
91558171,B
87237636,B
45759660,B
50851602,B
84717315,B
50148082,A
77723682,B
90559729,B
35995483,B
14132778,A
35868282,A
43884262,A
20248722,B
13882856,A
80890905,A
31034122,B
51455775,B
35118714,B
24606770,B
85581278,B
51952238,B
14881244,A
67961981,A
91899690,A
79955546,A
74996847,B
37723282,B
27145156,B
77711798,A
48112537,B
97021819,A
28515080,A
32184604,B
70907739,B
29506291,A
21039870,A
88487146,B
80559328,A
23952258,A
51708539,A
49664679,B
79666756,B
62045930,B
33165903,B
99152667,B
67342678,A
60919670,A
73323414,A
56092956,B
61301173,B
99709941,B
55995612,A
77564663,B
81866565,A
41459307,A
74830721,B
91574262,A
22823821,B
48446353,B
84423122,A
88177513,B
25265620,B
42429074,A
64246017,B
35822090,B
99527890,A
11625840,A
59659300,B
71220632,A
24979826,B
50723743,B
49765544,A
46585104,A
59274153,A
45489154,B
23361440,A
74815875,B
78969092,A
77990794,B
23448125,A
72971653,A
77325407,B
77289402,B
60552754,B
68631359,A
18752796,B
26368710,A
99921530,A
37539362,A
14803616,B
47149420,B
72125380,A
16688572,A
72419948,A
67153299,B
77244427,B
66535119,A
50203776,A
76229653,A
18988696,A
58420055,A
52954062,B
89721675,B
60479997,B
42089810,B
63904873,B
64891443,B
74945507,A
32145720,B
14467839,A
55750064,A
61409250,B
62464926,A
45722100,B
43973416,A
22747872,A
76534163,A
21315959,A
35835086,B
66377629,A
90295080,A
63115312,B
97092190,B
43619487,A
76544190,A
14800333,A
99080368,A
45327869,B
76177198,B
49739643,B
63597321,B
11003545,B
31661543,A
98712067,A
62216948,B
64191588,A
57174863,B
51274839,A
51856938,A
30540110,A
71180865,A
30292014,B
61118919,A
60481546,A
46138545,B
61984180,A
27263948,A
64282840,B
90420658,A
14012924,A
84570170,B
98323405,A
78146122,B
19346249,B
63337615,B
56667633,A
50044062,A
47808848,B
92622322,A
89188277,A
12368745,B
70927577,B
21829413,B
23957935,B
12261170,A
74601749,A
16110331,A
81616344,A
66151606,A
41199465,A
93643111,B
74837727,A
82650601,A
73001713,A
67552581,B
59249506,B
11376293,B
95620301,B
35986003,B
91335912,B
78614959,A
39807568,A
50126574,A
21003880,B
99804451,A
69486855,A
29664692,B
16960056,A
55294950,B
24358619,A
90704250,A
17229573,A
92316433,B
35378417,A
48367576,A
50625641,A
88898769,B
38398692,A
90885229,B
25823853,A
35468586,A
79339839,B
20682326,A
48858581,B
11003861,A
23201059,A
17822290,B
51501258,B
22522976,A
44761202,A
57371589,A
12853917,A
98090074,A
49463243,B
65607619,A
32869741,A
84749428,A
43591451,B
92038412,B
86455674,B
15763624,A
82214031,B
49195328,B
69196785,B
25582590,B
65794313,B
42197028,A
71091676,B
86312960,A
15993652,A
60552699,B
53263223,B
86763106,B
17350694,A
81388384,A
10270354,A
59421402,A
93729296,A
79994138,A
61019086,B
26972748,B
92277427,B
85218563,A
71694900,A
52167934,A
98682414,B
66137166,A
59785898,B
22329111,A
53616197,B
27527394,A
26339927,B
28457837,A
82054361,B
22014072,A
67001266,A
90940033,A
63274720,A
74895266,B
60641776,B
91524315,B
69657602,B
35489063,B
92291701,B
93666745,B
24207536,B
60897406,A
54678428,B
70166929,B
28877282,B
46497894,A
96562700,A
41444690,B
30286823,B
46069651,A
24871076,B
49961690,A
17861418,A
92909215,B
26678393,A
77067173,B
21884261,A
74749003,B
68897831,A
58901453,A
43069229,A
33040056,A
86702936,A
99012044,A
89457697,A
97077076,B
39481245,B
11910297,A
85826608,B
17210789,B
29237933,A
15063943,B
44585658,A
47977170,A
47606887,A
24883635,A
37343679,B
99291185,B
18851883,B
10677132,B
98948868,B
26904715,B
95433675,A
74282636,A
58286913,B
25448022,B
48310380,B
99674427,A
38956434,A
48431015,A
89484826,B
73987014,B
27994807,A
26466860,A
38668815,A
64580438,A
12434306,B
72565649,A
68587342,B
88668132,A
95037408,A
24979612,B
58089480,B
59300662,B
33205226,A
21592189,B
26186190,A
23431404,A
51648500,A
27399229,B
15475371,B
12689829,B
90441276,A
31320996,B
85102077,B
87812470,B
69808544,B
77320549,B
82389487,B
62606067,B
60414974,A
99146946,A
52645856,A
18919044,B
46354836,A
72595960,A
27401862,A
36185669,A
26745267,B
88483715,A
84590422,B
77487317,B
97919442,B
97028173,A
79768630,A
82743492,B
73438213,A
29125009,A
42469098,B
40338816,B
44714902,B
13281307,A
28457204,B
71469235,B
86788069,B
35141983,B
72061437,B
49236265,B
34159656,A
80551104,B
75399328,A
81587330,B
73196952,B
92869581,B
69876819,A
17123712,B
84467071,A
87014153,A
14765468,B
34139904,A
75629990,B
35614388,B
50240123,A
99708901,A
22232277,A
90166151,B
38001862,B
82127531,A
62903054,A
44628563,B
62038517,A
56516780,B
33218589,B
48690263,A
61231213,A
90249878,B
93327502,B
51737758,B
37018809,B
64753649,A
99292837,B
63663600,B
60375254,B
29811192,A
66992950,B
15079569,B
29724476,B
32406486,B
48780284,B
73558559,B
53146060,B
44186192,B
64882115,B
39579363,B
43620131,B
25233901,B
32472239,A
77591490,B
72702280,B
22720798,B
82467408,B
88252367,A
24636748,A
93474706,B
73939592,B
42146559,A
49152796,A
49357645,B
85484094,B
55810199,B
90579684,A
61838134,A
87282967,B
58564316,A
14563930,A
65549829,B
41488047,B
48632407,B
99698677,B
85813915,B
60374799,B
38973508,B
11721126,A
52130018,A
96155962,A
91344506,A
24406034,A
80115818,A
59268995,A
39076649,A
78137065,A
71218648,B
12261743,A
68956059,A
91670269,B
67037494,A
30548739,A
57026956,B
37129001,B
29427520,B
88937896,B
28934185,B
45378348,A
76728170,B
10531685,B
33775774,B
65718451,B
59753812,B
62167466,A
87542450,A
17338819,B
66281390,A
28497753,A
65760389,A
28768735,A
83273971,B
66771009,B
54470338,B
79631660,B
63408484,B
94105642,B
87503088,A
92795103,B
96854667,A
15946876,A
23039684,B
68811269,B
60581992,A
26944545,B
96307047,A
44729705,B
26768492,B
95567609,B
94895625,A
16374868,A
60271800,A
18819587,A
18834190,B
99397695,A
25737038,B
34408251,B
60293042,B
81479660,A
98871206,A
59426670,B
80375986,A
49641684,B
77390690,A
48146040,A
51875160,B
37787504,A
89441260,A
32197248,B
12646189,A
43073667,B
70903406,B
60469022,B
91009778,B
21853885,A
96281196,A
11048127,A
82648636,A
65316085,B
61850506,B
92401727,B
27067785,A
41397969,B
54697496,B
56766231,A
48861839,B
66462418,A
34803775,B
27512248,B
48865134,B
17114202,B
16730872,A
87170111,B
67656101,A
81862870,B
87570880,B
81337086,A
86525987,B
45518750,A
55385925,A
84212752,B
16159449,B
26733872,A
25133034,A
73998506,A
80352171,A
66196914,B
11965378,A
68379823,A
75903721,B
56141934,B
44946291,B
55606052,B
87595975,A
37407583,B
36158343,B
67396398,B
69208347,B
61051990,B
31635120,B
58034493,B
90689950,B
83453241,B
18699092,A
98660883,B
85737514,B
92074707,A
74934143,B
25646864,B
52771686,B
56317176,B
26948070,B
50087728,A
58413684,A
36237833,B
27252400,B
39300708,B
21678181,B
21218562,B
66407818,B
34841002,A
65166440,A
23520737,B
60943065,A
38104756,A
98605635,A
63275541,A
95327769,B
10859214,A
21028623,A
92279139,A
58962768,A
96003318,B
97697932,A
26813042,B
18928137,A
30642279,B
60522869,B
59824521,B
13507874,B
47251331,B
21231615,A
77448442,B
80687486,B
28726054,A
17464933,A
86282110,B
76716982,B
76832399,A
38864678,B
17730155,A
54942449,A
27674632,B
37176947,B
50119256,A
91217881,A
36970447,B
97620589,B
22898307,B
52752554,B
22044454,B
88285065,B
11727317,A
30604119,A
75246879,B
33719276,B
95064018,A
65524351,B
82174886,B
26543014,A
59967950,B
79733465,B
23063502,A
68904597,A
94621746,A
42555448,A
21423152,B
61456183,A
81616953,B
50456788,B
13427480,B
96118197,A
77048205,B
48595698,B
41063869,B
65164432,A
79259960,B
61248445,B
18758875,B
20360310,B
58984584,B
59291333,B
77686083,A
52370215,B
18412459,A
76466133,A
21025905,A
81581320,B
86522823,A
81322286,A
12860882,B
55988512,A
95282677,B
21031824,A
49971896,B
56963586,B
95522901,B
22408972,B
63745547,B
50233511,A
59316297,A
59706707,B
13294553,A
92615529,A
58636160,B
73331459,A
28803967,B
71775659,A
85812564,A
95185992,B
30152969,B
67244739,A
37666735,A
73188073,B
73221842,B
93527146,A
13759711,B
91795850,A
52362019,B
81712226,A
72684233,B
41521172,B
73092410,B
94492384,B
62489019,B
14760079,B
26097913,B
41242719,B
73446605,B
28915585,A
59471959,B
94204060,B
84426966,A
24928907,B
35842843,A
49846429,B
19422024,B
43238773,A
23692372,B
56197417,B
13931676,A
55506738,A
13778160,B
77727394,B
22399192,B
88586129,A
70111466,B
61399695,A
36225641,B
85282472,B
98035609,B
24895797,B
19793218,B
33009771,A
74721275,B
76412820,B
70637566,B
56613029,A
62287665,B
77853543,B
39878874,B
62723205,A
52949982,A
65222556,A
79031509,B
93743429,A
88275250,B
52010764,A
55769253,A
94537964,B
85458910,B
33875463,B
66380669,A
27156332,B
68397278,B
73504190,A
19311641,B
39153149,A
77187341,B
48769974,B
41220594,B
40722532,B
16428881,B
80086545,A
89102087,A
19770385,A
30471819,A
27645333,B
61108534,B
76859498,B
14623886,A
46310783,B
43325895,B
65623835,A
47185917,A
84419252,B
76486435,B
19674960,B
94252095,B
73402470,B
50147569,B
34176897,A
66360219,B
30045660,A
14230083,B
39966578,B
62519943,B
64236038,A
43092429,B
89652065,A
71832935,B
49774935,B
70444441,A
76729094,A
77014715,B
42800983,A
99799750,B
56596860,A
90664268,A
35710365,B
42154176,B
69307360,A
14693094,A
64177871,B
29263569,A
18645484,B
59635007,B
88840632,B
12371052,A
92737656,B
42354946,B
83245349,A
58992708,B
39274474,B
83601797,B
66633046,B
37674705,B
18983811,B
99532464,A
37654003,A
66358621,A
63050126,B
24008007,A
27234268,A
78884873,A
21536594,A
78093842,B
84721748,A
75484233,A
94562581,A
81259735,A
96789226,A
23476392,B
50053251,B
16482874,A
71308771,A
14302717,B
22857826,A
99851037,B
54718188,B
42428744,A
81725962,A
34359694,B
20416960,A
54748082,B
60208560,B
91314476,A
93206677,B
79273469,B
98785927,A
14257534,B
51364247,B
42180281,B
99147282,B
21216314,B
11059596,A
38610714,B
67920482,B
23835247,B
83965664,A
27871170,A
97407210,B
52466690,B
53234170,A
95742725,B
92769068,B
49733070,A
59856325,A
42412491,A
72482824,B
86850867,B
69935450,B
65085669,A
37661584,B
23059251,B
19691199,A
87446517,B
94177662,B
90744500,A
64091093,A
24485953,B
55574318,B
28988721,A
77069847,B
45009303,A
15785765,A
71005696,B
84156232,B
48676580,B
63561245,B
90816909,A
77835405,B
56459313,A
98509575,B
88266320,A
90291973,B
53075730,A
78157299,B
65866711,A
83809310,B
40833262,B
38310609,B
68540984,B
33678531,B
89345905,A
18939073,A
58763408,B
17983499,B
27533780,A
12218932,B
51570920,B
95538412,A
87782288,A
43280156,B
74170712,B
61999360,B
48522970,B
69948161,B
77195361,B
70320276,A
76160867,A
58763778,B
35477072,B
68510451,B
11620660,A
75017323,A
21735591,B
56146964,B
56494896,B
62705969,B
93531424,B
60631843,A
58853935,B
36397062,B
75007825,A
72657868,A
61200668,A
54784521,B
90316806,A
45309975,A
58427581,A
43941402,A
18368863,A
42738655,B
21881978,B
89772696,B
83928059,B
42181567,A
57531515,B
36302474,A
14121534,B
91791398,A
37748934,B
95137905,A
81794632,A
66379969,B
77117300,B
46375206,B
38109945,B
49133996,A
91128502,B
83280087,A
66259583,A
99129985,B
53749975,B
71743973,B
35838919,A
74031567,B
13114334,B
20075449,B
47047952,A
42564855,B
32740481,A
92418343,B
38608228,B
34326506,B
99730372,B
46168034,A
57860791,A
59584419,B
29400409,A
14694900,A
29595943,A
51449204,B
15876067,A
29209135,B
71671243,B
41457446,A
32479601,A
35549516,A
28001861,B
95226995,B
93968964,B
13425588,A
31253809,A
46903277,A
47411934,B
28979517,A
76537626,A
47552027,B
42393857,B
15710981,B
13789685,B
20717330,B
80568985,B
74811779,B
91411172,A
19735684,B
92744429,A
77407291,B
23413481,A
25158632,B
65324684,A
55659637,A
11491849,B
58811166,B
34721231,A
85701316,A
80843713,B
25970461,B
75559995,A
29030473,A
70487593,A
39754146,A
50534552,B
35018234,B
12329477,B
46771443,B
82196636,A
71231687,A
22681703,B
18010285,B
45063362,A
69041112,A
59779235,B
18172962,B
43755166,B
72369170,B
87289492,B
10395279,B
74036500,B
68852283,B
28450538,B
78153444,B
24273317,B
51054021,B
24772949,A
44792897,A
67358033,A
48963603,A
45208069,B
55377823,B
18956344,A
57973270,A
12411466,B
96062921,B
67251001,A
66215277,B
98233040,A
20003945,B
40738677,B
80830392,A
28071329,B
62482576,A
60793150,B
63050118,B
30473814,A
92544322,B
63229286,A
39676970,B
59407464,B
39918181,B
42175455,B
70965255,B
50895402,B
67776394,A
55976460,B
66268503,B
91690301,A
93590250,A
26083438,B
35883545,A
22753573,B
89751762,B
30219847,B
92388616,B
65872915,B
10750863,B
92127600,B
93860839,B
60866375,A
61664074,B
78070488,B
50625297,A
71514938,A
30801559,A
12586551,A
94759077,B
44736342,A
45600055,A
72445887,A
52151940,A
91710082,A
44067061,B
47367230,B
95048035,B
88816097,B
86748383,A
18161230,B
24551321,A
26178880,B
30960566,B
23234986,B
35833789,B
49596673,B
61589191,B
59112987,B
89605449,B
81043652,A
83423063,B
51413092,B
87950387,A
75378454,B
75235903,B
71767606,B
70161399,A
84678230,A
75282009,A
81165169,A
54457643,A
40723796,A
50274878,A
95099803,B
45711137,B
85861697,B
60092890,A
23470765,B
47557067,B
10436638,A
87045655,B
73122365,B
17882992,B
66662622,B
30285772,B
92765088,A
10602017,A
32674942,A
26534022,A
36223189,B
16503518,B
44851286,B
37563711,B
62716625,A
61102325,A
61821052,B
39511402,A
67034144,B
23892642,A
74030337,B
83409734,A
25739567,B
86551347,A
21895909,A
21841848,B
43922889,A
98226948,A
54320540,B
29829614,A
50265735,A
75117590,A
34777441,A
14669360,B
66146452,B
97335925,B
72139920,A
28748849,A
19600851,B
55514608,A
84581131,B
24264733,A
86857435,B
26381537,A
27587760,A
21473017,B
13706262,A
81815082,B
21523592,B
31118133,A
97093533,B
16450911,B
79451249,B
46676226,A
84758851,B
80826768,B
63103164,B
18960305,B
35762866,B
91077843,B
96474573,B
26013550,A
63320333,B
25992806,B
53786751,A
27418402,A
90951690,B
73813543,B
80375394,B
82824753,A
27550493,B
54511743,A
37200482,B
70901652,B
43301159,B
97620662,A
58713248,A
78296248,A
65096162,B
35791269,B
71960680,B
14121222,A
90640305,B
83874804,B
16134039,A
21200698,B
39094936,B
96099808,A
43880249,B
70704406,B
72358304,A
18413356,A
38869503,A
70181997,A
44166597,A
80552290,A
78794161,B
77963775,B
69415066,A
89292693,B
59765043,A
30365264,B
68657889,B
55669854,A
95256862,B
58336776,B
83588599,A
31467360,A
70255243,A
79487379,B
41543592,B
12691877,B
43698294,A
18799122,B
69646011,B
65333061,B
25454599,B
86044168,A
31683909,B
49408087,B
17392570,B
84080778,B
53494227,A
63604005,A
79909906,B
63921510,A
22472907,B
87837705,A
71795420,B
76961629,B
91646472,B
15448033,B
88308035,A
78556625,A
12611921,A
55307437,A
42409129,A
45876002,B
93159665,B
25713171,A
23654256,B
56048010,B
29377015,B
75218675,A
27142304,B
58192003,A
15591458,A
81764554,B
79718834,B
93124086,B
23247622,B
76730339,A
22804335,A
75578106,A
74388059,B
96604660,B
51960923,A
17166472,A
57930213,B
19918838,B
10814766,B
32433631,B
93186901,A
88472131,B
76617033,B
11272786,B
70770646,B
71676111,A
64142980,B
24938150,B
40657545,A
54117608,A
81386968,B
72910727,A
17483296,B
68281224,A
35740856,A
34665337,A
32827862,B
36529697,B
17859626,B
39199457,A
47684324,B
53512222,A
59960908,B
66227926,B
35605809,B
93682998,B
17007573,B
67589523,A
81280176,A
93889705,A
27253940,B
85984889,B
44153471,B
39452907,B
88249439,A
64952187,B
41254841,B
67691330,A
47203280,B
58230870,A
94372414,B
68149578,A
57636413,B
81884199,B
79633277,A
23468290,B
79338963,B
72071290,B
52274621,A
65271242,B
42454730,B
29807247,A
39521480,A
39611428,A
49588346,A
30306427,B
14317721,A
53628195,A
52238437,B
88912263,B
83822057,B
22536844,B
89453202,B
14087948,A
85638207,B
47644230,A
79885759,B
76937084,B
38298661,B
61320012,B
47899730,A
70264671,A
19546727,B
63225495,A
61906953,B
52995048,B
45566180,B
18490390,B
26813674,B
65058496,A
64330555,B
74603766,A
36436555,B
76522355,A
55843258,A
91292260,B
16805481,B
67010135,A
28473945,B
46623170,B
47605638,A
33640070,B
85666182,B
68730359,B
17969538,A
45617281,A
23973583,A
41790929,A
57338384,B
43640332,A
33151924,B
40073176,A
11628438,B
79970523,A
81382646,B
88759738,B
30358252,B
92373411,B
20661523,A
96597255,B
77436820,B
42698372,A
65258698,B
24659208,B
59191581,B
82357841,B
90185906,A
76874822,B
91157004,B
26243242,B
58680890,A
46408685,A
11631167,A
95659159,B
41201519,B
65453168,A
64729593,A
80146133,B
42826135,B
57204885,B
58903683,B
89962142,A
11270877,B
63172977,B
73705585,A
50004930,B
92296582,B
14994655,B
66621635,A
39917449,A
60227239,A
16143104,B
69776894,A
77632826,A
37036100,B
35159445,A
54502112,B
37706523,A
66770195,B
58076492,B
11980569,A
16713979,A
75092180,B
21730124,A
97887954,A
63566632,B
50616498,B
96044252,B
80568113,B
46351760,B
77430718,B
32759676,B
33947633,A
57981408,B
19025016,B
96934847,A
35357954,B
71185410,A
10985160,A
92032865,A
56884050,B
45533268,B
48489575,B
43534983,A
78025027,B
82701364,A
59722717,B
58280427,A
14259945,B
17986593,B
39005696,A
19139644,A
94523294,A
60963053,A
48703931,A
36244783,A
95224925,A
45687068,B
45495291,B
41996115,B
88731959,A
84916263,A
99672620,A
85028932,A
93036621,B
61502238,B
36634633,A
86770971,A
70811183,A
31304229,A
75050842,B
48286995,B
83170967,B
58548382,B
72691162,B
49633206,A
45049239,A
84163459,B
89724304,A
35082706,B
90501409,A
21770653,B
98962586,B
93625010,A
66862179,B
61582894,A
15117209,A
69678087,A
49669851,B
57310025,A
67241183,A
50244363,A
22293924,B
41565505,A
93899119,A
38187829,B
29861765,B
36955292,B
36635333,B
68718363,B
40903129,B
68401455,A
98625581,A
83516530,B
34514665,A
56680465,A
88590608,B
77220829,B
87479137,B
29043288,A
66871262,A
87191990,B
90597796,A
70643883,A
33701485,B
83421935,A
54547904,B
74532145,B
28485853,B
78730777,B
20732234,A
32772413,A
82182959,A
32183377,B
18625378,B
40988325,B
16241508,B
98023229,B
94504174,A
82447267,B
51359188,A
25577245,A
10564465,A
65763538,B
33830329,B
39513343,A
10691611,B
20882908,B
69758583,B
74715263,A
21978111,A
86049743,A
71602820,B
97130595,B
69069321,A
86895956,B
59578897,B
36932695,B
81688284,B
60883759,B
28642157,A
70184397,B
94449593,A
21734156,B
26692479,A
21923188,A
77621762,B
68027743,A
62902975,A
71228162,B
83301021,A
72445791,B
50188855,B
90540244,A
35573566,B
84096658,B
43989116,A
69101961,B
94498827,B
39695755,A
23729906,A
61095696,B
39394715,B
97046686,B
13490583,A
42847161,B
39808945,B
58069814,B
12877494,A
43154927,B
48393005,B
59064559,B
87609518,A
25597132,B
86305076,A
10507145,B
15977793,B
57302007,B
91399736,A
64300400,B
42854572,B
49210121,A
66600085,B
14454012,A
81352755,A
82799030,B
75611225,A
38757548,B
26877493,B
67102146,A
36327816,A
73586864,B
49605983,A
15660577,A
78338562,B
98189777,B
76138081,B
80600417,A
12624450,A
80455025,A
88051442,B
27311841,A
17895687,B
66835087,B
84755901,B
57233054,B
40319938,B
75362120,A
53621842,A
10235427,B
41512997,B
77372559,B
72993866,A
39947193,B
14601246,B
33412832,B
36791631,A
88413770,A
93720011,B
78633625,A
13604500,B
61191344,A
86994779,A
96737083,B
90893999,A
79733121,B
97599922,B
20031950,A
39324074,A
66571732,A
94887865,B
97569379,B
71333606,A
43436113,A
27544874,B
53693194,B
40969744,A
51128647,B
90189339,A
47760111,A
50751766,B
97965253,B
57769664,B
35031710,A
88035044,B
12206563,A
37715878,B
96479851,A
84337907,B
97477311,B
88184456,B
66681135,A
57434054,A
65684028,B
28277555,B
25467137,B
80066622,A
41795686,B
11511245,A
69979509,A
16253640,B
65916137,B
31778253,B
85467121,B
20728332,B
20575724,A
43219090,A
31912054,A
49456139,A
30425766,B
40081542,B
54237174,A
78511762,B
75869886,B
88734635,B
58696242,B
82294699,A
90496009,A
68198493,B
88854778,A
89116610,A
23251629,A
60844760,B
68842473,B
34757127,A
48276120,A
83551529,A
25992980,B
22219679,A
41975961,A
46093576,A
55868123,A
89429577,A
50884422,B
27966340,B
56366348,B
16474671,B
69857899,B
70107333,B
89513648,A
13389532,A
91257652,A
74630622,B
48794172,B
65716007,B
48202016,A
69668335,B
50948171,A
93279268,B
12809490,B
45352311,B
53380242,B
27497946,B
58853728,A
12180264,B
73719170,B
69882225,A
84795971,B
34256141,B
21178484,B
26974631,A
61749253,B
74893876,A
11067488,B
46142856,A
41155987,B
38228300,B
42652322,A
42264195,B
16397320,B
13513850,A
24306667,B
60228173,A
28624366,B
18596138,B
56917077,B
28314207,B
16227011,A
65886920,B
49113339,A
78189886,A
82263523,B
17004362,B
20943932,B
62763887,A
93851141,B
21599405,A
75733300,B
73169439,B
78685305,A
57393259,B
51631720,A
67749941,B
30885548,A
96379958,A
50825321,B
12999427,B
50494738,A
35549488,B
42401356,A
14619181,A
96002922,A
55787497,B
71618724,B
46890641,A
30429676,B
81453566,B
45770185,B
94179368,B
98883171,B
88554914,B
39006249,A
47425353,A
75365027,B
95944352,A
85707668,A
14742604,B
24474113,B
42401504,A
26277485,B
87252585,A
62884237,B
69913294,B
24190255,A
37416688,A
69189801,B
72855880,A
48485255,B
74734257,A
95899629,B
22841789,B
20010664,B
74376875,A
31897151,A
11739899,B
83281116,B
28154661,B
41711662,A
91844018,B
37426356,A
47101958,B
57306222,B
98184643,A
54092238,A
92242662,B
79342258,A
62521444,B
82024182,A
79683997,A
77165490,B
61791556,B
73197080,B
49807443,A
36463198,B
30388673,A
94232391,B
78382073,B
11865077,B
26895246,B
92047857,A
75713987,B
18724480,B
32230219,A
99399215,B
25757853,B
95001694,B
88474296,A
25050669,B
21744096,A
94192369,A
84886795,B
47731644,B
20537104,B
54858789,B
21307919,B
41248190,B
14985468,B
45921588,A
88999909,A
24705254,A
79992142,B
51274183,B
25505153,B
50493886,B
50679826,B
70152462,B
13380881,A
75986845,A
68608314,A
96174677,A
24633675,B
86943383,B
40761370,A
99860495,A
80565208,A
19903286,A
92907469,A
41401349,B
95178478,A
33091838,B
84636214,B
74529916,B
64095941,A
16016333,A
85945674,B
16687137,A
85213004,A
33794419,A
30947408,B
99541501,B
80475768,B
27074741,B
26370905,B
50352392,B
27622907,A
28889470,A
41417429,A
92711849,A
11100825,A
33022048,B
56137063,B
96339117,B
75856998,A
54425764,A
32362893,A
95491855,B
67238857,A
51397265,B
22948707,B
97778928,B
94146023,B
45676298,B
37392011,B
62098663,A
46610703,B
77821484,A
14529847,B
15249636,A
43288489,B
90854094,B
34487896,A
63791180,A
43265207,B
34668815,B
65659432,A
37291542,A
38528766,A
67260968,B
89683374,B
61590068,B
84965241,A
71483378,B
66174705,A
46481830,A
10716730,A
98478627,A
29027586,A
55965027,A
23277880,A
84195168,B
11237745,B
19305831,A
12235269,B
52525282,B
89562697,B
82581762,B
89077902,A
70249318,B
24786357,B
18839219,B
41926680,B
49774221,A
78877342,B
50936271,B
65922124,A
67189961,B
52151716,A
98629133,A
21101990,A
11240425,B
57678174,B
99685687,A
10426865,B
41608753,A
33854191,A
17695272,A
49774601,B
30908824,A
72152475,B
91888233,A
68654785,B
33141297,B
49560129,B
77506810,B
97874430,B
94534330,A
21182998,B
32758485,A
51508253,A
78857196,A
27925560,A
30226449,A
80258768,B
84380430,B
39083216,B
77178754,B
44054682,B
76194673,B
66810724,A
76894299,B
15280338,A
65963420,B
76970774,B
59888312,A
21334859,A
33534593,B
34208505,B
59446691,B
98808922,B
61411344,A
75809354,A
76530988,A
54634311,A
51494574,A
30624030,A
69341144,B
97914434,B
55114284,B
30637950,A
90037618,A
56486359,A
86854497,B
73009749,B
74171997,A
81464824,B
81386626,B
67853912,B
89067102,B
10498763,A
52332440,A
86909588,B
56796452,B
71684103,A
88273368,B
60809121,B
39929180,B
28469857,B
57552686,A
14342655,B
90205545,B
76360606,B
97046460,A
76675295,A
82800484,B
13460633,B
66317155,A
74587147,B
24129882,B
98754126,A
81840935,A
39551203,A
50634984,B
80351894,B
65903558,B
57511159,B
57427211,B
75800123,B
52622207,B
87207888,B
42813516,B
67047431,A
39856761,A
24649282,A
35845772,A
61853387,A
24351748,A
59220960,A
59581475,A
82882656,B
86470897,A
31799165,B
77141679,B
67655246,B
63301831,B
87011501,B
84767258,B
96861617,A
50342341,A
67852241,A
54280875,B
26497993,B
29690998,B
71852581,B
55496341,A
28274548,A
36987726,A
23713901,B
38690703,A
80062551,B
54900150,A
70290526,B
63416536,B
80310170,B
59321977,B
49390428,A
61171107,B
66565594,A
96349368,B
91809284,A
45420273,A
29426634,B
45785807,A
92367692,A
59987864,B
14764191,A
90153371,A
26823121,A
99853310,B
81807846,A
14260808,B
97422842,A
19893418,B
18238691,B
66458911,B
96808993,A
18141560,A
90805411,B
57507316,A
35656398,A
77760503,A
98964102,A
33479736,B
96288011,A
88743390,A
26443741,A
49678652,A
31075520,B
25264798,B
61323008,A
96099937,A
29451412,A
69477148,A
92723298,A
82036961,B
78273762,B
26016376,A
33023600,A
95350569,A
68876765,A
68918305,B
96910459,B
73307356,A
37006330,A
52651702,B
66514975,A
18309133,B
68239189,A
83893144,A
23137394,A
10702990,A
56330021,B
83248463,A
49950655,A
48530267,A
67155402,B
92559952,B
61415340,A
24087759,A
48309673,A
84996382,B
37864992,B
57125315,A
89499782,B
10083149,A
88874755,B
79796545,A
46880288,A
38092009,B
58227944,B
30736652,B
11263339,B
64623640,B
81128145,B
44557447,B
66716902,A
66535481,B
64513963,A
45032700,A
30603505,A
60304956,B
97150326,B
61670107,B
44102200,A
11025296,A
87028911,A
98360197,B
50127659,A
65019530,B
90109080,A
66487500,B
19868260,A
13452322,A
86568567,A
55433823,B
54771489,B
50140093,A
93175985,A
70525923,B
46510877,A
64066279,B
89829078,B
52168065,A
16785574,B
87151273,A
20640716,A
39287233,B
19565591,B
10485042,B
29243257,B
56446786,A
28045736,B
84043390,B
84836926,B
80957329,A
14520864,B
44072871,A
98311280,B
24484626,A
87881709,A
57406647,B
14857647,A
85622020,A
35108588,A
73620772,B
58369808,A
26885295,A
14354798,A
24825961,B
67943174,B
76855976,A
41083999,B
55625846,B
25392063,B
77108850,B
51699766,B
53227725,B
78334746,B
56663894,A
73825037,B
71524301,A
96909785,B
81726391,A
21407948,B
20563486,B
18535991,A
42888682,B
92555664,B
85114075,A
72999766,B
58151232,B
52465068,B
39843686,A
54638400,B
51097335,A
13653651,B
37378969,A
50589601,A
31693415,A
72542621,B
62616712,B
42151262,A
78580350,B
86972919,A
76958013,A
12435306,A
47056832,B
44128637,B
64260590,B
31601632,A
98721244,A
40070788,A
66003934,B
68355678,B
34752189,A
52025471,B
68520039,A
60788820,B
29225480,B
69168657,A
23841974,B
58990198,A
63495348,A
71818759,B
96068609,A
34827472,B
62100464,B
13102286,B
86731795,B
43128168,B
87661782,B
10485514,A
72915104,B
26825560,B
33033573,A
54963234,B
84099817,B
38437448,B
90207595,B
67650713,B
41288914,B
84993053,A
37647104,A
55631966,B
89878613,A
32425878,A
76763923,A
87211913,B
68970933,B
21562534,B
15185393,B
88286346,A
70801475,A
69362788,A
44182265,B
84242980,A
14757122,B
79305276,B
76357153,B
56404479,B
32297842,B
34936825,B
18513658,B
30567635,B
89955347,B
43352289,B
49510130,A
98710831,A
37674847,B
12237834,A
66719285,A
57352046,A
35524198,B
92955652,A
36305649,B
19312378,B
14316867,A
66612369,B
64209900,B
34696178,B
68041261,A
62886290,A
60498639,B
93532672,A
78016590,B
15678332,A
97092280,B
25282761,B
92344261,A
78054442,A
76465966,A
15427381,B
21316356,B
69421530,A
56592434,B
33156138,B
75409261,B
32264079,A
45211509,B
96738388,A
66908233,A
91848980,B
92734232,B
22436129,A
48102277,B
74827759,A
20171168,B
40766044,A
73083843,B
66904536,A
36429166,B
68403355,A
15264139,A
21282916,B
77030540,B
74541030,B
69698984,A
38326403,B
41578704,A
21550906,B
33879506,B
68167042,A
42566917,A
83659564,A
50642896,B
42419197,B
71705122,A
75366527,A
81482037,A
88570343,B
86596616,A
84977259,A
20184704,B
85589449,A
69676926,B
82446562,B
93414462,A
40263792,B
91150294,B
38480552,A
24672982,B
95814125,A
30093210,A
13113999,B
88082300,A
28935935,A
52115788,B
78013023,A
98226881,A
19464265,B
32791241,B
40554259,B
37996382,B
32462146,A
23126637,A
17798110,B
96622615,A
60975855,B
95157164,B
27110066,A
93117415,B
99921184,B
17554195,B
75731151,A
98129700,A
90828753,B
84411061,B
61927606,B
44719967,B
98867075,A
12473705,B
57752877,B
38798861,B
43138197,B
53788430,B
28376582,A
13422064,A
52450088,A
59807800,B
32733206,A
88928381,A
92739955,A
14581408,B
99335527,B
21974189,A
15586569,A
56496387,B
97332520,A
19077133,A
96866343,B
83416640,B
86712675,B
68007500,A
95129981,B
18794590,A
49039328,A
91692133,A
72296965,A
33180777,B
19554609,A
27119162,B
93961662,A
49917852,A
12167010,A
13048635,A
39267106,B
62422471,B
72256670,B
43360842,A
54745707,A
58171920,B
56306697,B
38874220,B
84944868,B
90327042,B
79467552,A
96143298,A
71942623,B
21643284,A
21351569,B
59765737,B
14295856,A
64610100,B
17738437,B
98445601,A
77125982,A
79895453,A
83568852,A
36411479,B
58860498,B
70425702,A
56430692,A
38116103,B
79542983,B
22584026,A
29011669,A
54880410,B
88810365,A
63444800,A
30431902,A
92811156,A
66812020,A
85512841,B
86862862,B
10237786,A
64535682,B
49800049,B
30939328,A
23008248,A
30027817,B
49166760,B
50269153,B
74746540,A
80864584,B
44782924,B
52292922,B
92165933,B
57339712,B
60702369,B
11315334,B
30834493,A
31496598,B
34561014,B
17529538,A
35876242,B
49575342,B
98450375,B
10806641,B
39012376,A
90634117,A
67049958,A
24327036,A
67329356,A
90940754,B
36949675,A
18078449,B
84615134,A
15554058,A
56387440,B
41060407,B
59917575,A
47181353,A
50085759,B
42932163,B
32506055,A
24269125,B
37808964,A
91581146,A
68557073,A
83698921,B
84565722,B
13399093,B
37426268,B
67076509,B
61813242,A
79989418,B
50498272,A
38162142,B
22108792,B
65464808,B
89710602,B
62863574,B
25498458,A
33734998,A
45636699,A
65337799,B
34368699,B
10130001,B
55859333,B
41999065,B
81981163,B
59929334,A
27132861,B
71323499,B
40853087,A
51392589,B
44466858,B
14858192,B
13674079,B
95298800,B
30412211,A
78505595,A
15315333,A
39166047,B
80280842,A
11492263,B
44011878,B
52183151,B
20883459,B
91022031,A
16861482,A
56390849,B
40417765,B
14687041,A
99799773,A
39677107,A
42975583,B
56193363,A
50771730,B
86159042,B
91400936,B
53211729,A
24341132,B
75045603,B
19491499,A
16837785,A
61581886,B
11082735,A
73817888,B
17717955,B
80719636,A
56326281,B
33373332,B
11676010,B
84510733,A
41821814,B
95593082,B
59443538,B
77763087,A
68261364,B
18100611,B
72103215,B
85426734,A
67379919,A
35654648,B
20495198,A
78343088,B
93387544,A
43837021,B
85449221,B
55693192,B
64248779,A
90236744,A
63110660,A
20770516,B
34971190,A
81058925,A
66992737,A
80370924,B
28253373,A
94048182,B
91970687,A
14363829,B
32233966,B
89543389,B
57499782,A
73424519,B
74601545,A
66665414,A
53726966,B
84253312,B
72643065,B
47728656,A
99302473,B
16499077,A
16241121,A
92548618,B
10072325,B
86630811,B
96775214,A
36334570,B
92453310,A
40846022,A
24893291,B
55925277,B
65342198,B
61788112,A
